[
  {
    "value": "Lima",
    "synonyms": [
      "Lima",
      "limas"
    ]
  },
  {
    "value": "Mandarina",
    "synonyms": [
      "Mandarina",
      "mandarinas"
    ]
  },
  {
    "value": "Manzana",
    "synonyms": [
      "Manzana",
      "manzanas"
    ]
  },
  {
    "value": "Pera",
    "synonyms": [
      "Pera",
      "peras"
    ]
  },
  {
    "value": "Sandía",
    "synonyms": [
      "Sandía",
      "sandía"
    ]
  },
  {
    "value": "Piña",
    "synonyms": [
      "Piña",
      "piñas"
    ]
  },
  {
    "value": "Uva",
    "synonyms": [
      "Uva",
      "uvas"
    ]
  },
  {
    "value": "Papaya",
    "synonyms": [
      "Papaya",
      "papayas"
    ]
  },
  {
    "value": "Cereza",
    "synonyms": [
      "Cereza",
      "cerezas"
    ]
  },
  {
    "value": "Arandano",
    "synonyms": [
      "Arandano",
      "arándano",
      "arandanos"
    ]
  },
  {
    "value": "Platano",
    "synonyms": [
      "Platano",
      "Plátano",
      "Banana"
    ]
  }
]