[
  {
    "id": "f7e4db23-7956-4240-861e-163ca43214f0",
    "data": [
      {
        "text": "gracias",
        "alias": "location",
        "meta": "@sys.location",
        "userDefined": false
      }
    ],
    "isTemplate": false,
    "count": 0,
    "updated": 0
  },
  {
    "id": "e8a3aa28-3284-41f6-ae15-237affe3f5c6",
    "data": [
      {
        "text": "si por favor",
        "userDefined": false
      }
    ],
    "isTemplate": false,
    "count": 0,
    "updated": 0
  },
  {
    "id": "52e1d759-c79e-4f4c-8e8e-68fc53332aad",
    "data": [
      {
        "text": "si",
        "userDefined": false
      }
    ],
    "isTemplate": false,
    "count": 0,
    "updated": 0
  }
]