[
  {
    "id": "3213c73c-0ad3-4e42-a40c-a8f696a788e6",
    "data": [
      {
        "text": "1",
        "alias": "number",
        "meta": "@sys.number",
        "userDefined": false
      },
      {
        "text": " ",
        "userDefined": false
      },
      {
        "text": "sandia",
        "alias": "producto",
        "meta": "@Producto",
        "userDefined": true
      },
      {
        "text": " por favor",
        "userDefined": false
      }
    ],
    "isTemplate": false,
    "count": 0,
    "updated": 0
  },
  {
    "id": "9d4c1bb3-b40d-4e7c-bf31-3b54a90d352b",
    "data": [
      {
        "text": "quiero ",
        "userDefined": false
      },
      {
        "text": "6",
        "alias": "number",
        "meta": "@sys.number",
        "userDefined": false
      },
      {
        "text": " ",
        "userDefined": false
      },
      {
        "text": "peras",
        "alias": "producto",
        "meta": "@Producto",
        "userDefined": false
      }
    ],
    "isTemplate": false,
    "count": 0,
    "updated": 0
  },
  {
    "id": "914fcb0f-b90d-4e75-a735-e31a8546899d",
    "data": [
      {
        "text": "comprar ",
        "userDefined": false
      },
      {
        "text": "5",
        "alias": "number",
        "meta": "@sys.number",
        "userDefined": false
      },
      {
        "text": " ",
        "userDefined": false
      },
      {
        "text": "manzanas",
        "alias": "producto",
        "meta": "@Producto",
        "userDefined": false
      }
    ],
    "isTemplate": false,
    "count": 0,
    "updated": 0
  }
]