[
  {
    "id": "b3e48463-7f55-4a73-99bb-df9513b31970",
    "data": [
      {
        "text": "sandías",
        "alias": "producto",
        "meta": "@Producto",
        "userDefined": false
      },
      {
        "text": " por favor",
        "userDefined": false
      }
    ],
    "isTemplate": false,
    "count": 0,
    "updated": 0
  },
  {
    "id": "681ca8aa-c7b0-48fa-a6da-2ed4605b0a2c",
    "data": [
      {
        "text": "quiero ",
        "userDefined": false
      },
      {
        "text": "Platanos",
        "alias": "producto",
        "meta": "@Producto",
        "userDefined": false
      }
    ],
    "isTemplate": false,
    "count": 0,
    "updated": 0
  },
  {
    "id": "233f0446-b2db-47c6-a8b2-5d1b7e5fbffb",
    "data": [
      {
        "text": "quiero comprar ",
        "userDefined": false
      },
      {
        "text": "Manzanas",
        "alias": "producto",
        "meta": "@Producto",
        "userDefined": false
      }
    ],
    "isTemplate": false,
    "count": 0,
    "updated": 0
  }
]